writer.1,writer.2,song.name,times.played
Jerry Garcia,Robert Hunter,Alabama Getaway,141
Bill Kreutzmann,Jerry Garcia,Alice D Millionaire,3
Phil Lesh,Jerry Garcia,Alice D Millionaire,3
Pigpen,Jerry Garcia,Alice D Millionaire,3
Bob Weir,Jerry Garcia,Alice D Millionaire,3
Jerry Garcia,Bill Kreutzmann,Alice D Millionaire,3
Phil Lesh,Bill Kreutzmann,Alice D Millionaire,3
Pigpen,Bill Kreutzmann,Alice D Millionaire,3
Bob Weir,Bill Kreutzmann,Alice D Millionaire,3
Jerry Garcia,Phil Lesh,Alice D Millionaire,3
Bill Kreutzmann,Phil Lesh,Alice D Millionaire,3
Pigpen,Phil Lesh,Alice D Millionaire,3
Bob Weir,Phil Lesh,Alice D Millionaire,3
Jerry Garcia,Pigpen,Alice D Millionaire,3
Bill Kreutzmann,Pigpen,Alice D Millionaire,3
Phil Lesh,Pigpen,Alice D Millionaire,3
Bob Weir,Pigpen,Alice D Millionaire,3
Jerry Garcia,Bob Weir,Alice D Millionaire,3
Bill Kreutzmann,Bob Weir,Alice D Millionaire,3
Phil Lesh,Bob Weir,Alice D Millionaire,3
Pigpen,Bob Weir,Alice D Millionaire,3
Phil Lesh,Robert Hunter,Alligator,63
Pigpen,Phil Lesh,Alligator,63
Robert Hunter,Pigpen,Alligator,63
Jerry Garcia,Robert Hunter,Althea,272
Jerry Garcia,Robert Hunter,Attics Of My Life,48
Jerry Garcia,Robert Hunter,Believe It Or Not,7
Jerry Garcia,Robert Hunter,Bertha,394
Jerry Garcia,Robert Hunter,Bird Song,296
Jerry Garcia,Robert Hunter,Black Muddy River,66
Jerry Garcia,Robert Hunter,Black Peter,343
Bob Weir,John Barlow,Black Throated Wind,158
Brent Mydland,John Barlow,Blow Away,23
Jerry Garcia,Robert Hunter,Blues For Allah,3
Bob Weir,Bob Weir,Born Cross Eyed,13
Phil Lesh,Robert Hunter,Box Of Rain,161
Jerry Garcia,Robert Hunter,Brokedown Palace,215
Jerry Garcia,Robert Hunter,Brown Eyed Women,347
Jerry Garcia,Robert Hunter,Built To Last,18
Jerry Garcia,Robert Hunter,Candyman,277
Bill Kreutzmann,Jerry Garcia,Can't Come Down,2
Phil Lesh,Jerry Garcia,Can't Come Down,2
Pigpen,Jerry Garcia,Can't Come Down,2
Bob Weir,Jerry Garcia,Can't Come Down,2
Jerry Garcia,Bill Kreutzmann,Can't Come Down,2
Phil Lesh,Bill Kreutzmann,Can't Come Down,2
Pigpen,Bill Kreutzmann,Can't Come Down,2
Bob Weir,Bill Kreutzmann,Can't Come Down,2
Jerry Garcia,Phil Lesh,Can't Come Down,2
Bill Kreutzmann,Phil Lesh,Can't Come Down,2
Pigpen,Phil Lesh,Can't Come Down,2
Bob Weir,Phil Lesh,Can't Come Down,2
Jerry Garcia,Pigpen,Can't Come Down,2
Bill Kreutzmann,Pigpen,Can't Come Down,2
Phil Lesh,Pigpen,Can't Come Down,2
Bob Weir,Pigpen,Can't Come Down,2
Jerry Garcia,Bob Weir,Can't Come Down,2
Bill Kreutzmann,Bob Weir,Can't Come Down,2
Phil Lesh,Bob Weir,Can't Come Down,2
Pigpen,Bob Weir,Can't Come Down,2
Jerry Garcia,Robert Hunter,Casey Jones,312
Bob Weir,John Barlow,Cassidy,334
Bill Kreutzmann,Jerry Garcia,Caution (Do Not Stop On Tracks),56
Phil Lesh,Jerry Garcia,Caution (Do Not Stop On Tracks),56
Pigpen,Jerry Garcia,Caution (Do Not Stop On Tracks),56
Bob Weir,Jerry Garcia,Caution (Do Not Stop On Tracks),56
Jerry Garcia,Bill Kreutzmann,Caution (Do Not Stop On Tracks),56
Phil Lesh,Bill Kreutzmann,Caution (Do Not Stop On Tracks),56
Pigpen,Bill Kreutzmann,Caution (Do Not Stop On Tracks),56
Bob Weir,Bill Kreutzmann,Caution (Do Not Stop On Tracks),56
Jerry Garcia,Phil Lesh,Caution (Do Not Stop On Tracks),56
Bill Kreutzmann,Phil Lesh,Caution (Do Not Stop On Tracks),56
Pigpen,Phil Lesh,Caution (Do Not Stop On Tracks),56
Bob Weir,Phil Lesh,Caution (Do Not Stop On Tracks),56
Jerry Garcia,Pigpen,Caution (Do Not Stop On Tracks),56
Bill Kreutzmann,Pigpen,Caution (Do Not Stop On Tracks),56
Phil Lesh,Pigpen,Caution (Do Not Stop On Tracks),56
Bob Weir,Pigpen,Caution (Do Not Stop On Tracks),56
Jerry Garcia,Bob Weir,Caution (Do Not Stop On Tracks),56
Bill Kreutzmann,Bob Weir,Caution (Do Not Stop On Tracks),56
Phil Lesh,Bob Weir,Caution (Do Not Stop On Tracks),56
Pigpen,Bob Weir,Caution (Do Not Stop On Tracks),56
Phil Lesh,Phil Lesh,Childhood's End,11
Jerry Garcia,Robert Hunter,China Cat Sunflower,554
Jerry Garcia,Robert Hunter,China Doll,114
Pigpen,Pigpen,Chinatown Shuffle,28
Phil Lesh,Robert Hunter,Clementine,3
Jerry Garcia,Robert Hunter,Comes A Time,66
Robert Hunter,Mickey Hart,Corrina,77
Bob Weir,Robert Hunter,Corrina,77
Mickey Hart,Bob Weir,Corrina,77
Jerry Garcia,Robert Hunter,Cosmic Charlie,41
Jerry Garcia,Robert Hunter,Crazy Fingers,144
Jerry Garcia,Jerry Garcia,Cream Puff War,7
Jerry Garcia,Jerry Garcia,Cryptical Envelopment,132
Phil Lesh,Jerry Garcia,Cumberland Blues,223
Jerry Garcia,Robert Hunter,Cumberland Blues,223
Robert Hunter,Phil Lesh,Cumberland Blues,223
Robert Hunter,Jerry Garcia,Dark Star,219
Bill Kreutzmann,Jerry Garcia,Dark Star,219
Phil Lesh,Jerry Garcia,Dark Star,219
Pigpen,Jerry Garcia,Dark Star,219
Bob Weir,Jerry Garcia,Dark Star,219
Jerry Garcia,Robert Hunter,Dark Star,219
Bill Kreutzmann,Robert Hunter,Dark Star,219
Phil Lesh,Robert Hunter,Dark Star,219
Pigpen,Robert Hunter,Dark Star,219
Bob Weir,Robert Hunter,Dark Star,219
Jerry Garcia,Bill Kreutzmann,Dark Star,219
Robert Hunter,Bill Kreutzmann,Dark Star,219
Phil Lesh,Bill Kreutzmann,Dark Star,219
Pigpen,Bill Kreutzmann,Dark Star,219
Bob Weir,Bill Kreutzmann,Dark Star,219
Jerry Garcia,Phil Lesh,Dark Star,219
Robert Hunter,Phil Lesh,Dark Star,219
Bill Kreutzmann,Phil Lesh,Dark Star,219
Pigpen,Phil Lesh,Dark Star,219
Bob Weir,Phil Lesh,Dark Star,219
Jerry Garcia,Pigpen,Dark Star,219
Robert Hunter,Pigpen,Dark Star,219
Bill Kreutzmann,Pigpen,Dark Star,219
Phil Lesh,Pigpen,Dark Star,219
Bob Weir,Pigpen,Dark Star,219
Jerry Garcia,Bob Weir,Dark Star,219
Robert Hunter,Bob Weir,Dark Star,219
Bill Kreutzmann,Bob Weir,Dark Star,219
Phil Lesh,Bob Weir,Dark Star,219
Pigpen,Bob Weir,Dark Star,219
Jerry Garcia,Robert Hunter,Days Between,41
Jerry Garcia,Robert Hunter,Deal,423
Jerry Garcia,Robert Hunter,Dire Wolf,226
Jerry Garcia,Robert Hunter,Doin' That Rag,37
Brent Mydland,Brent Mydland,Don't Need Love,16
Bill Kreutzmann,Jerry Garcia,Down So Long,2
Phil Lesh,Jerry Garcia,Down So Long,2
Pigpen,Jerry Garcia,Down So Long,2
Bob Weir,Jerry Garcia,Down So Long,2
Jerry Garcia,Bill Kreutzmann,Down So Long,2
Phil Lesh,Bill Kreutzmann,Down So Long,2
Pigpen,Bill Kreutzmann,Down So Long,2
Bob Weir,Bill Kreutzmann,Down So Long,2
Jerry Garcia,Phil Lesh,Down So Long,2
Bill Kreutzmann,Phil Lesh,Down So Long,2
Pigpen,Phil Lesh,Down So Long,2
Bob Weir,Phil Lesh,Down So Long,2
Jerry Garcia,Pigpen,Down So Long,2
Bill Kreutzmann,Pigpen,Down So Long,2
Phil Lesh,Pigpen,Down So Long,2
Bob Weir,Pigpen,Down So Long,2
Jerry Garcia,Bob Weir,Down So Long,2
Bill Kreutzmann,Bob Weir,Down So Long,2
Phil Lesh,Bob Weir,Down So Long,2
Pigpen,Bob Weir,Down So Long,2
Jerry Garcia,Robert Hunter,Dupree's Diamond Blues,80
Robert Hunter,Bob Bralove,Easy Answers,44
Rob Wasserman,Bob Bralove,Easy Answers,44
Bob Weir,Bob Bralove,Easy Answers,44
Vince Welnick,Bob Bralove,Easy Answers,44
Bob Bralove,Robert Hunter,Easy Answers,44
Rob Wasserman,Robert Hunter,Easy Answers,44
Bob Weir,Robert Hunter,Easy Answers,44
Vince Welnick,Robert Hunter,Easy Answers,44
Bob Bralove,Rob Wasserman,Easy Answers,44
Robert Hunter,Rob Wasserman,Easy Answers,44
Bob Weir,Rob Wasserman,Easy Answers,44
Vince Welnick,Rob Wasserman,Easy Answers,44
Bob Bralove,Bob Weir,Easy Answers,44
Robert Hunter,Bob Weir,Easy Answers,44
Rob Wasserman,Bob Weir,Easy Answers,44
Vince Welnick,Bob Weir,Easy Answers,44
Bob Bralove,Vince Welnick,Easy Answers,44
Robert Hunter,Vince Welnick,Easy Answers,44
Rob Wasserman,Vince Welnick,Easy Answers,44
Bob Weir,Vince Welnick,Easy Answers,44
Brent Mydland,Brent Mydland,Easy To Love You,45
Robert Hunter,Robert Hunter,Easy Wind,44
Pigpen,Pigpen,Empty Pages,2
Phil Lesh,Phil Lesh,Equinox,0
Bob Weir,John Barlow,Estimated Prophet,390
Rob Wasserman,Willie Dixon,Eternity,44
Bob Weir,Rob Wasserman,Eternity,44
Willie Dixon,Bob Weir,Eternity,44
Jerry Garcia,Robert Hunter,Eyes Of The World,381
Brent Mydland,Brent Mydland,Far From Me,74
Bob Weir,John Barlow,Feel Like A Stranger,207
Mickey Hart,Robert Hunter,Fire On The Mountain,253
Jerry Garcia,Robert Hunter,Foolish Heart,87
Robert Hunter,Mickey Hart,France,0
Bob Weir,Robert Hunter,France,0
Mickey Hart,Bob Weir,France,0
Bill Kreutzmann,Jerry Garcia,Franklin's Tower,221
Jerry Garcia,Robert Hunter,Franklin's Tower,221
Robert Hunter,Bill Kreutzmann,Franklin's Tower,221
Robert Hunter,John Dawson,Friend Of The Devil,304
John Dawson,Jerry Garcia,Friend Of The Devil,304
Jerry Garcia,Robert Hunter,Friend Of The Devil,304
Donna Godchaux,Donna Godchaux,From The Heart Of Me,26
Brent Mydland,John Barlow,"Gentlemen, Start Your Engines",2
Bob Weir,Robert Hunter,Greatest Story Ever Told,280
Bob Weir,John Barlow,Heaven Help The Fool,17
Bob Weir,John Barlow,Hell In A Bucket,216
John Barlow,Brent Mydland,Hell In A Bucket,216
Brent Mydland,Bob Weir,Hell In A Bucket,216
Jerry Garcia,Robert Hunter,Help On The Way,110
Jerry Garcia,Robert Hunter,Here Comes Sunshine,65
Jerry Garcia,Robert Hunter,He's Gone,328
Jerry Garcia,Robert Hunter,High Time,133
Bob Weir,Robert Hunter,Hollywood Cantata,0
Bob Weir,John Barlow,I Need A Miracle,271
Brent Mydland,John Barlow,I Will Take You Home,34
Jerry Garcia,Robert Hunter,If I Had The World To Give,3
Phil Lesh,Andrew Charles,If The Shoe Fits,17
Robert Hunter,Robert Hunter,It Must Have Been The Roses,159
Bob Weir,Robert Hunter,Jack Straw,473
Brent Mydland,John Barlow,Just A Little Light,21
Bill Kreutzmann,Jerry Garcia,Keep Rolling By,2
Phil Lesh,Jerry Garcia,Keep Rolling By,2
Pigpen,Jerry Garcia,Keep Rolling By,2
Bob Weir,Jerry Garcia,Keep Rolling By,2
Jerry Garcia,Bill Kreutzmann,Keep Rolling By,2
Phil Lesh,Bill Kreutzmann,Keep Rolling By,2
Pigpen,Bill Kreutzmann,Keep Rolling By,2
Bob Weir,Bill Kreutzmann,Keep Rolling By,2
Jerry Garcia,Phil Lesh,Keep Rolling By,2
Bill Kreutzmann,Phil Lesh,Keep Rolling By,2
Pigpen,Phil Lesh,Keep Rolling By,2
Bob Weir,Phil Lesh,Keep Rolling By,2
Jerry Garcia,Pigpen,Keep Rolling By,2
Bill Kreutzmann,Pigpen,Keep Rolling By,2
Phil Lesh,Pigpen,Keep Rolling By,2
Bob Weir,Pigpen,Keep Rolling By,2
Jerry Garcia,Bob Weir,Keep Rolling By,2
Bill Kreutzmann,Bob Weir,Keep Rolling By,2
Phil Lesh,Bob Weir,Keep Rolling By,2
Pigpen,Bob Weir,Keep Rolling By,2
Jerry Garcia,Robert Hunter,Keep Your Day Job,57
Bill Kreutzmann,Mickey Hart,King Solomon's Marbles,5
Phil Lesh,Mickey Hart,King Solomon's Marbles,5
Mickey Hart,Phil Lesh,King Solomon's Marbles,5
Jerry Garcia,Robert Hunter,Lady With A Fan,302
Bob Weir,John Barlow,Lazy Lightnin',111
Jerry Garcia,Robert Hunter,Lazy River Road,65
Bob Weir,John Barlow,Let It Grow (aka Weather Report Suite Part 2),276
Keith Godchaux,Robert Hunter,Let Me Sing Your Blues Away,6
Jerry Garcia,Robert Hunter,Liberty,56
Bob Weir,Bob Weir,Little Star,3
Bob Weir,John Barlow,Looks Like Rain,417
Jerry Garcia,Robert Hunter,Loose Lucy,98
Jerry Garcia,Robert Hunter,Loser,345
Bob Weir,John Barlow,Lost Sailor,145
Robert Hunter,Jerry Garcia,Mason's Children,18
Phil Lesh,Jerry Garcia,Mason's Children,18
Bob Weir,Jerry Garcia,Mason's Children,18
Jerry Garcia,Robert Hunter,Mason's Children,18
Phil Lesh,Robert Hunter,Mason's Children,18
Bob Weir,Robert Hunter,Mason's Children,18
Jerry Garcia,Phil Lesh,Mason's Children,18
Robert Hunter,Phil Lesh,Mason's Children,18
Bob Weir,Phil Lesh,Mason's Children,18
Jerry Garcia,Bob Weir,Mason's Children,18
Robert Hunter,Bob Weir,Mason's Children,18
Phil Lesh,Bob Weir,Mason's Children,18
Brent Mydland,Brent Mydland,Maybe You Know,6
Bob Weir,John Barlow,Mexicali Blues,435
Jerry Garcia,Robert Hunter,Might As Well,111
Jerry Garcia,Phil Lesh,Mindbender,2
Jerry Garcia,Robert Hunter,Mission In The Rain,5
Jerry Garcia,Robert Hunter,Mississippi Half-Step Uptown Toodleloo,234
Pigpen,Robert Hunter,Mister Charlie,48
Bob Weir,John Barlow,Money Money,3
Jerry Garcia,Robert Hunter,Mountains Of The Moon,12
Bob Weir,John Barlow,My Brother Esau,104
John Barlow,Brent Mydland,My Brother Esau,104
Brent Mydland,Brent Mydland,Never Trust A Woman (aka Good Time Blues),42
Pigpen,Frank Guida,New Orleans,1
Joe Royster,Pigpen,New Orleans,1
Gerrit Graham,Joe Royster,New Orleans,1
Phil Lesh,Robert Petersen,New Potato Caboose,26
Jerry Garcia,Robert Hunter,New Speedway Boogie,55
Phil Lesh,Phil Lesh,"No Left Turn Unstoned (aka The Monster, Cardboard Cowboy)",4
Bob Weir,Bob Weir,One More Saturday Night,340
Brent Mydland,Brent Mydland,Only A Fool (aka Break You Down),1
Pigpen,Pigpen,Operator,4
Phil Lesh,Peter Monk,Passenger,98
Bob Weir,John Barlow,Picasso Moon,77
John Barlow,Bob Bralove,Picasso Moon,77
Bob Bralove,Bob Weir,Picasso Moon,77
Pigpen,Pigpen,Pigpen Rap (Who Cares),1
Robert Hunter,Mickey Hart,Playing In The Band,582
Bob Weir,Robert Hunter,Playing In The Band,582
Mickey Hart,Bob Weir,Playing In The Band,582
Phil Lesh,Robert Petersen,Pride Of Cucamonga,0
Jerry Garcia,Robert Hunter,Ramble On Rose,316
Robert Petersen,Phil Lesh,Revolutionary Hamstrung Blues,1
Phil Lesh,Brent Mydland,Revolutionary Hamstrung Blues,1
Brent Mydland,Robert Petersen,Revolutionary Hamstrung Blues,1
Jerry Garcia,Robert Hunter,Ripple,39
Jerry Garcia,Robert Hunter,Rosemary,1
Jerry Garcia,Robert Hunter,Row Jimmy,274
Jerry Garcia,Robert Hunter,Rubin And Cherise,4
Bob Weir,Bob Weir,Sage And Spirit,2
Bob Weir,John Barlow,Saint Of Circumstance,222
Phil Lesh,Jerry Garcia,Saint Stephen,165
Jerry Garcia,Robert Hunter,Saint Stephen,165
Robert Hunter,Phil Lesh,Saint Stephen,165
Bob Weir,John Barlow,Salt Lake City,1
Vince Welnick,Robert Hunter,Samba In The Rain,38
Donna Godchaux,Jerry Garcia,Sand Castles And Glass Camels,2
Keith Godchaux,Jerry Garcia,Sand Castles And Glass Camels,2
Mickey Hart,Jerry Garcia,Sand Castles And Glass Camels,2
Bill Kreutzmann,Jerry Garcia,Sand Castles And Glass Camels,2
Phil Lesh,Jerry Garcia,Sand Castles And Glass Camels,2
Bob Weir,Jerry Garcia,Sand Castles And Glass Camels,2
Jerry Garcia,Donna Godchaux,Sand Castles And Glass Camels,2
Keith Godchaux,Donna Godchaux,Sand Castles And Glass Camels,2
Mickey Hart,Donna Godchaux,Sand Castles And Glass Camels,2
Bill Kreutzmann,Donna Godchaux,Sand Castles And Glass Camels,2
Phil Lesh,Donna Godchaux,Sand Castles And Glass Camels,2
Bob Weir,Donna Godchaux,Sand Castles And Glass Camels,2
Jerry Garcia,Keith Godchaux,Sand Castles And Glass Camels,2
Donna Godchaux,Keith Godchaux,Sand Castles And Glass Camels,2
Mickey Hart,Keith Godchaux,Sand Castles And Glass Camels,2
Bill Kreutzmann,Keith Godchaux,Sand Castles And Glass Camels,2
Phil Lesh,Keith Godchaux,Sand Castles And Glass Camels,2
Bob Weir,Keith Godchaux,Sand Castles And Glass Camels,2
Jerry Garcia,Mickey Hart,Sand Castles And Glass Camels,2
Donna Godchaux,Mickey Hart,Sand Castles And Glass Camels,2
Keith Godchaux,Mickey Hart,Sand Castles And Glass Camels,2
Bill Kreutzmann,Mickey Hart,Sand Castles And Glass Camels,2
Phil Lesh,Mickey Hart,Sand Castles And Glass Camels,2
Bob Weir,Mickey Hart,Sand Castles And Glass Camels,2
Jerry Garcia,Bill Kreutzmann,Sand Castles And Glass Camels,2
Donna Godchaux,Bill Kreutzmann,Sand Castles And Glass Camels,2
Keith Godchaux,Bill Kreutzmann,Sand Castles And Glass Camels,2
Mickey Hart,Bill Kreutzmann,Sand Castles And Glass Camels,2
Phil Lesh,Bill Kreutzmann,Sand Castles And Glass Camels,2
Bob Weir,Bill Kreutzmann,Sand Castles And Glass Camels,2
Jerry Garcia,Phil Lesh,Sand Castles And Glass Camels,2
Donna Godchaux,Phil Lesh,Sand Castles And Glass Camels,2
Keith Godchaux,Phil Lesh,Sand Castles And Glass Camels,2
Mickey Hart,Phil Lesh,Sand Castles And Glass Camels,2
Bill Kreutzmann,Phil Lesh,Sand Castles And Glass Camels,2
Bob Weir,Phil Lesh,Sand Castles And Glass Camels,2
Jerry Garcia,Bob Weir,Sand Castles And Glass Camels,2
Donna Godchaux,Bob Weir,Sand Castles And Glass Camels,2
Keith Godchaux,Bob Weir,Sand Castles And Glass Camels,2
Mickey Hart,Bob Weir,Sand Castles And Glass Camels,2
Bill Kreutzmann,Bob Weir,Sand Castles And Glass Camels,2
Phil Lesh,Bob Weir,Sand Castles And Glass Camels,2
Jerry Garcia,Robert Hunter,Scarlet Begonias,316
Ned Lagin,Phil Lesh,Seastones,23
Mickey Hart,Bill Kreutzmann,Serengetti,0
Jerry Garcia,Robert Hunter,Shakedown Street,163
Jerry Garcia,Robert Hunter,Ship Of Fools,225
Keith Godchaux,Jerry Garcia,Slipknot,112
Phil Lesh,Jerry Garcia,Slipknot,112
Bob Weir,Jerry Garcia,Slipknot,112
Jerry Garcia,Keith Godchaux,Slipknot,112
Phil Lesh,Keith Godchaux,Slipknot,112
Bob Weir,Keith Godchaux,Slipknot,112
Jerry Garcia,Phil Lesh,Slipknot,112
Keith Godchaux,Phil Lesh,Slipknot,112
Bob Weir,Phil Lesh,Slipknot,112
Jerry Garcia,Bob Weir,Slipknot,112
Keith Godchaux,Bob Weir,Slipknot,112
Phil Lesh,Bob Weir,Slipknot,112
Jerry Garcia,Robert Hunter,So Many Roads,55
Jerry Garcia,Robert Hunter,Stagger Lee,146
Bruce Hornsby,Bruce Hornsby,Stander On The Mountain,3
Bill Kreutzmann,Jerry Garcia,Standing On The Corner,3
Phil Lesh,Jerry Garcia,Standing On The Corner,3
Pigpen,Jerry Garcia,Standing On The Corner,3
Bob Weir,Jerry Garcia,Standing On The Corner,3
Jerry Garcia,Bill Kreutzmann,Standing On The Corner,3
Phil Lesh,Bill Kreutzmann,Standing On The Corner,3
Pigpen,Bill Kreutzmann,Standing On The Corner,3
Bob Weir,Bill Kreutzmann,Standing On The Corner,3
Jerry Garcia,Phil Lesh,Standing On The Corner,3
Bill Kreutzmann,Phil Lesh,Standing On The Corner,3
Pigpen,Phil Lesh,Standing On The Corner,3
Bob Weir,Phil Lesh,Standing On The Corner,3
Jerry Garcia,Pigpen,Standing On The Corner,3
Bill Kreutzmann,Pigpen,Standing On The Corner,3
Phil Lesh,Pigpen,Standing On The Corner,3
Bob Weir,Pigpen,Standing On The Corner,3
Jerry Garcia,Bob Weir,Standing On The Corner,3
Bill Kreutzmann,Bob Weir,Standing On The Corner,3
Phil Lesh,Bob Weir,Standing On The Corner,3
Pigpen,Bob Weir,Standing On The Corner,3
Jerry Garcia,Robert Hunter,Standing On The Moon,75
Jerry Garcia,Robert Hunter,Stella Blue,328
Bob Weir,Robert Hunter,Sugar Magnolia,594
Jerry Garcia,Robert Hunter,Sugaree,357
Donna Godchaux,Donna Godchaux,Sunrise,30
Bob Weir,Robert Hunter,Sunshine Daydream,31
Bob Weir,John Barlow,Supplication,113
Pigpen,Pigpen,Tastebud,3
Jerry Garcia,Robert Hunter,Tennessee Jed,433
Mickey Hart,Bill Kreutzmann,Terrapin Flyer,1
Jerry Garcia,Robert Hunter,Terrapin Station,302
Mickey Hart,Bill Kreutzmann,Terrapin Transit,1
Bill Kreutzmann,Jerry Garcia,The Creeper,1
Phil Lesh,Jerry Garcia,The Creeper,1
Pigpen,Jerry Garcia,The Creeper,1
Bob Weir,Jerry Garcia,The Creeper,1
Jerry Garcia,Bill Kreutzmann,The Creeper,1
Phil Lesh,Bill Kreutzmann,The Creeper,1
Pigpen,Bill Kreutzmann,The Creeper,1
Bob Weir,Bill Kreutzmann,The Creeper,1
Jerry Garcia,Phil Lesh,The Creeper,1
Bill Kreutzmann,Phil Lesh,The Creeper,1
Pigpen,Phil Lesh,The Creeper,1
Bob Weir,Phil Lesh,The Creeper,1
Jerry Garcia,Pigpen,The Creeper,1
Bill Kreutzmann,Pigpen,The Creeper,1
Phil Lesh,Pigpen,The Creeper,1
Bob Weir,Pigpen,The Creeper,1
Jerry Garcia,Bob Weir,The Creeper,1
Bill Kreutzmann,Bob Weir,The Creeper,1
Phil Lesh,Bob Weir,The Creeper,1
Pigpen,Bob Weir,The Creeper,1
Phil Lesh,Phil Lesh,The Eleven,93
Bill Kreutzmann,Jerry Garcia,The Golden Road (To Unlimited Devotion),3
Phil Lesh,Jerry Garcia,The Golden Road (To Unlimited Devotion),3
Pigpen,Jerry Garcia,The Golden Road (To Unlimited Devotion),3
Bob Weir,Jerry Garcia,The Golden Road (To Unlimited Devotion),3
Jerry Garcia,Bill Kreutzmann,The Golden Road (To Unlimited Devotion),3
Phil Lesh,Bill Kreutzmann,The Golden Road (To Unlimited Devotion),3
Pigpen,Bill Kreutzmann,The Golden Road (To Unlimited Devotion),3
Bob Weir,Bill Kreutzmann,The Golden Road (To Unlimited Devotion),3
Jerry Garcia,Phil Lesh,The Golden Road (To Unlimited Devotion),3
Bill Kreutzmann,Phil Lesh,The Golden Road (To Unlimited Devotion),3
Pigpen,Phil Lesh,The Golden Road (To Unlimited Devotion),3
Bob Weir,Phil Lesh,The Golden Road (To Unlimited Devotion),3
Jerry Garcia,Pigpen,The Golden Road (To Unlimited Devotion),3
Bill Kreutzmann,Pigpen,The Golden Road (To Unlimited Devotion),3
Phil Lesh,Pigpen,The Golden Road (To Unlimited Devotion),3
Bob Weir,Pigpen,The Golden Road (To Unlimited Devotion),3
Jerry Garcia,Bob Weir,The Golden Road (To Unlimited Devotion),3
Bill Kreutzmann,Bob Weir,The Golden Road (To Unlimited Devotion),3
Phil Lesh,Bob Weir,The Golden Road (To Unlimited Devotion),3
Pigpen,Bob Weir,The Golden Road (To Unlimited Devotion),3
Bob Weir,John Barlow,The Music Never Stopped,234
Bill Kreutzmann,Jerry Garcia,The Only Time Is Now,2
Phil Lesh,Jerry Garcia,The Only Time Is Now,2
Dave Parker,Jerry Garcia,The Only Time Is Now,2
Pigpen,Jerry Garcia,The Only Time Is Now,2
Bob Weir,Jerry Garcia,The Only Time Is Now,2
Jerry Garcia,Bill Kreutzmann,The Only Time Is Now,2
Phil Lesh,Bill Kreutzmann,The Only Time Is Now,2
Dave Parker,Bill Kreutzmann,The Only Time Is Now,2
Pigpen,Bill Kreutzmann,The Only Time Is Now,2
Bob Weir,Bill Kreutzmann,The Only Time Is Now,2
Jerry Garcia,Phil Lesh,The Only Time Is Now,2
Bill Kreutzmann,Phil Lesh,The Only Time Is Now,2
Dave Parker,Phil Lesh,The Only Time Is Now,2
Pigpen,Phil Lesh,The Only Time Is Now,2
Bob Weir,Phil Lesh,The Only Time Is Now,2
Jerry Garcia,Dave Parker,The Only Time Is Now,2
Bill Kreutzmann,Dave Parker,The Only Time Is Now,2
Phil Lesh,Dave Parker,The Only Time Is Now,2
Pigpen,Dave Parker,The Only Time Is Now,2
Bob Weir,Dave Parker,The Only Time Is Now,2
Jerry Garcia,Pigpen,The Only Time Is Now,2
Bill Kreutzmann,Pigpen,The Only Time Is Now,2
Phil Lesh,Pigpen,The Only Time Is Now,2
Dave Parker,Pigpen,The Only Time Is Now,2
Bob Weir,Pigpen,The Only Time Is Now,2
Jerry Garcia,Bob Weir,The Only Time Is Now,2
Bill Kreutzmann,Bob Weir,The Only Time Is Now,2
Phil Lesh,Bob Weir,The Only Time Is Now,2
Dave Parker,Bob Weir,The Only Time Is Now,2
Pigpen,Bob Weir,The Only Time Is Now,2
Bob Weir,Bill Kreutzmann,The Other One,583
Bill Kreutzmann,Jerry Garcia,The Seven,4
Phil Lesh,Jerry Garcia,The Seven,4
Pigpen,Jerry Garcia,The Seven,4
Bob Weir,Jerry Garcia,The Seven,4
Jerry Garcia,Bill Kreutzmann,The Seven,4
Phil Lesh,Bill Kreutzmann,The Seven,4
Pigpen,Bill Kreutzmann,The Seven,4
Bob Weir,Bill Kreutzmann,The Seven,4
Jerry Garcia,Phil Lesh,The Seven,4
Bill Kreutzmann,Phil Lesh,The Seven,4
Pigpen,Phil Lesh,The Seven,4
Bob Weir,Phil Lesh,The Seven,4
Jerry Garcia,Pigpen,The Seven,4
Bill Kreutzmann,Pigpen,The Seven,4
Phil Lesh,Pigpen,The Seven,4
Bob Weir,Pigpen,The Seven,4
Jerry Garcia,Bob Weir,The Seven,4
Bill Kreutzmann,Bob Weir,The Seven,4
Phil Lesh,Bob Weir,The Seven,4
Pigpen,Bob Weir,The Seven,4
Pigpen,Pigpen,The Stranger (Two Souls In Communion),12
Bruce Hornsby,Bruce Hornsby,The Valley Road,6
Bill Kreutzmann,Jerry Garcia,The Wheel,258
Jerry Garcia,Robert Hunter,The Wheel,258
Robert Hunter,Bill Kreutzmann,The Wheel,258
Jerry Garcia,Robert Hunter,They Love Each Other,227
Bob Weir,John Barlow,This Time Forever,1
John Barlow,Bob Weir,This Time Forever,1
Bob Weir,John Barlow,Throwing Stones,265
Jerry Garcia,Robert Hunter,Till The Morning Comes,5
Jerry Garcia,Robert Hunter,To Lay Me Down,63
Brent Mydland,Brent Mydland,Tons Of Steel,29
Jerry Garcia,Robert Hunter,Touch Of Grey,213
Robert Hunter,Jerry Garcia,Truckin',519
Phil Lesh,Jerry Garcia,Truckin',519
Bob Weir,Jerry Garcia,Truckin',519
Jerry Garcia,Robert Hunter,Truckin',519
Phil Lesh,Robert Hunter,Truckin',519
Bob Weir,Robert Hunter,Truckin',519
Jerry Garcia,Phil Lesh,Truckin',519
Robert Hunter,Phil Lesh,Truckin',519
Bob Weir,Phil Lesh,Truckin',519
Jerry Garcia,Bob Weir,Truckin',519
Robert Hunter,Bob Weir,Truckin',519
Phil Lesh,Bob Weir,Truckin',519
Jerry Garcia,Robert Hunter,U.S.Blues,323
Phil Lesh,Robert Petersen,Unbroken Chain,10
Jerry Garcia,Robert Hunter,Uncle John's Band,332
Jerry Garcia,Robert Hunter,Unusual Occurrences In The Desert,3
Bob Weir,Gerrit Graham,Victim Or The Crime,96
Jerry Garcia,Robert Hunter,Wave That Flag,15
Phil Lesh,Robert Hunter,Wave To The Wind,21
Robert Hunter,Bob Bralove,Way To Go Home,92
Vince Welnick,Robert Hunter,Way To Go Home,92
Bob Bralove,Vince Welnick,Way To Go Home,92
Brent Mydland,John Barlow,We Can Run,22
Bob Weir,Eric Andersen,Weather Report Suite Part 1,47
Bob Weir,Bob Weir,Weather Report Suite Prelude,52
Jerry Garcia,Robert Hunter,West L.A. Fadeaway,140
Jerry Garcia,Robert Hunter,Wharf Rat,394
Jerry Garcia,Robert Hunter,What'll You Raise,1
Jerry Garcia,Robert Hunter,What's Become Of The Baby,1
Jerry Garcia,Robert Hunter,When Push Comes To Shove,58
Bill Kreutzmann,Jerry Garcia,You Don't Have To Ask (aka Otis on a Shakedown Cruise),5
Phil Lesh,Jerry Garcia,You Don't Have To Ask (aka Otis on a Shakedown Cruise),5
Pigpen,Jerry Garcia,You Don't Have To Ask (aka Otis on a Shakedown Cruise),5
Bob Weir,Jerry Garcia,You Don't Have To Ask (aka Otis on a Shakedown Cruise),5
Jerry Garcia,Bill Kreutzmann,You Don't Have To Ask (aka Otis on a Shakedown Cruise),5
Phil Lesh,Bill Kreutzmann,You Don't Have To Ask (aka Otis on a Shakedown Cruise),5
Pigpen,Bill Kreutzmann,You Don't Have To Ask (aka Otis on a Shakedown Cruise),5
Bob Weir,Bill Kreutzmann,You Don't Have To Ask (aka Otis on a Shakedown Cruise),5
Jerry Garcia,Phil Lesh,You Don't Have To Ask (aka Otis on a Shakedown Cruise),5
Bill Kreutzmann,Phil Lesh,You Don't Have To Ask (aka Otis on a Shakedown Cruise),5
Pigpen,Phil Lesh,You Don't Have To Ask (aka Otis on a Shakedown Cruise),5
Bob Weir,Phil Lesh,You Don't Have To Ask (aka Otis on a Shakedown Cruise),5
Jerry Garcia,Pigpen,You Don't Have To Ask (aka Otis on a Shakedown Cruise),5
Bill Kreutzmann,Pigpen,You Don't Have To Ask (aka Otis on a Shakedown Cruise),5
Phil Lesh,Pigpen,You Don't Have To Ask (aka Otis on a Shakedown Cruise),5
Bob Weir,Pigpen,You Don't Have To Ask (aka Otis on a Shakedown Cruise),5
Jerry Garcia,Bob Weir,You Don't Have To Ask (aka Otis on a Shakedown Cruise),5
Bill Kreutzmann,Bob Weir,You Don't Have To Ask (aka Otis on a Shakedown Cruise),5
Phil Lesh,Bob Weir,You Don't Have To Ask (aka Otis on a Shakedown Cruise),5
Pigpen,Bob Weir,You Don't Have To Ask (aka Otis on a Shakedown Cruise),5
Pigpen,Pigpen,You See A Broken Heart,1
